wavelength (nm),primary,secondary
440,86.392,92.40375
530,85.641,91.3025
650,83.825,89.65375