wavelength (nm),M1 Reflectance,M1 STD,M2 Reflectance,M2 STD
470,92.16,0.050497524691813,91.79,0.0972111104761161
530,91.25,0.0830662386291809,91.174,0.114149025401007
650,90.032,0.0383405790253629,89.934,0.0753657747256674